{
  "query": {
  "apikey": "f2dce500-45f0-11ec-9860-7954a32a920b",
  "timestamp": 1636966208,
  "base_currency": "USD"
  },
  "data": {
  "JPY": 113.90283,
  "CNY": 6.37627,
  "CHF": 0.91971,
  "CAD": 1.25297,
  "MXN": 20.4853,
  "INR": 74.38398,
  "BRL": 5.45631,
  "RUB": 72.21172,
  "KRW": 1173.93391,
  "IDR": 14210.32682,
  "TRY": 9.97878,
  "SAR": 3.75058,
  "SEK": 8.75375,
  "NGN": 410.39783,
  "PLN": 4.04058,
  "ARS": 100.11264,
  "NOK": 8.67531,
  "TWD": 27.76383,
  "IRR": 42000.52709,
  "AED": 3.67248,
  "COP": 3880.34618,
  "THB": 32.72038,
  "ZAR": 15.22511,
  "DKK": 6.49428,
  "MYR": 4.16006,
  "SGD": 1.35136,
  "ILS": 3.10276,
  "HKD": 7.79267,
  "EGP": 15.74865,
  "PHP": 50.18138,
  "CLP": 799.96256,
  "PKR": 174.30508,
  "IQD": 1458.02917,
  "DZD": 137.55391,
  "KZT": 430.33864,
  "QAR": 3.65507,
  "CZK": 22.01866,
  "PEN": 4.0109,
  "RON": 4.31838,
  "VND": 22645.27326,
  "BDT": 85.79223,
  "HUF": 320.10528,
  "UAH": 26.26052,
  "AOA": 597.40807,
  "MAD": 9.13474,
  "OMR": 0.384,
  "CUC": 24.00025,
  "BYR": 2.00004,
  "AZN": 1.69482,
  "LKR": 202.00307,
  "SDG": 436.68845,
  "SYP": 2510.04441,
  "MMK": 1769.02738,
  "DOP": 56.44151,
  "UZS": 10732.22372,
  "KES": 111.85192,
  "GTQ": 7.7322,
  "URY": 43.83085,
  "HRV": 6.55166,
  "MOP": 8.02614,
  "ETB": 47.55192,
  "CRC": 639.35665,
  "TZS": 2300.04723,
  "TMT": 3.49009,
  "TND": 2.82954,
  "PAB": 1.00003,
  "LBP": 1505.71822,
  "RSD": 102.57205,
  "LYD": 4.5456,
  "GHS": 6.01012,
  "YER": 249.98299,
  "BOB": 6.83008,
  "BHD": 0.37701,
  "CDF": 1995.83981,
  "PYG": 6861.06952,
  "UGX": 3525.06503,
  "SVC": 8.74999,
  "TTD": 6.74814,
  "AFN": 91.33118,
  "NPR": 119.00329,
  "HNL": 24.06158,
  "BIH": 1.70873,
  "BND": 1.35134,
  "ISK": 131.24189,
  "KHR": 4058.57623,
  "GEL": 3.13003,
  "MZN": 63.18188,
  "BWP": 11.45511,
  "PGK": 3.51124,
  "JMD": 154.63352,
  "XAF": 572.75235,
  "NAD": 15.22318,
  "ALL": 106.38282,
  "SSP": 392.00402,
  "MUR": 43.00049,
  "MNT": 2838.06721,
  "NIO": 35.21087,
  "LAK": 10572.26258,
  "MKD": 53.70143,
  "AMD": 472.60773,
  "MGA": 3962.61277,
  "XPF": 103.913,
  "TJS": 11.27023,
  "HTG": 98.00122,
  "BSD": 1.00002,
  "MDL": 17.54124,
  "RWF": 1019.52178,
  "KGS": 84.78161,
  "GNF": 9450.11775,
  "SRD": 21.32228,
  "SLL": 10889.21308,
  "XOF": 569.50934,
  "MWK": 807.51869,
  "FJD": 2.10013,
  "ERN": 15.00021,
  "SZL": 15.24717,
  "GYD": 207.99222,
  "BIF": 1981.95756,
  "KYD": 0.82002,
  "MVR": 15.42033,
  "LSL": 15.22414,
  "LRD": 143.70206,
  "CVE": 96.28158,
  "DJF": 177.50486,
  "SCR": 13.30329,
  "SOS": 575.01081,
  "GMD": 52.00073,
  "KMF": 429.66806,
  "STD": 21.40022,
  "XRP": 0.85002,
  "AUD": 1.36354,
  "BGN": 1.70784,
  "BTC": 0.0152,
  "JOD": 0.70802,
  "GBP": 0.74532,
  "ETH": 0.00022,
  "EUR": 0.87322,
  "LTC": 0,
  "NZD": 1.41972
  }
  }